{
	"class_name" : "PinholeCameraParameters",
	"extrinsic" : 
	[
		0.84949717613611053,
		-0.017509066265404945,
		-0.52730255104189261,
		0.0,
		-0.052745581962934378,
		0.99162351782516178,
		-0.11790124036430852,
		0.0,
		0.52494995125265564,
		0.12796965067766941,
		0.84145785229283465,
		0.0,
		0.081652489311442533,
		-0.16811887259782904,
		3.9821430095913311,
		1.0
	],
	"intrinsic" : 
	{
		"height" : 1080,
		"intrinsic_matrix" : 
		[
			935.30743608719376,
			0.0,
			0.0,
			0.0,
			935.30743608719376,
			0.0,
			959.5,
			539.5,
			1.0
		],
		"width" : 1920
	},
	"version_major" : 1,
	"version_minor" : 0
}