{
	"class_name" : "PinholeCameraParameters",
	"extrinsic" : 
	[
		0.65893832479995018,
		0.083711631095000141,
		-0.74752434537562062,
		0.0,
		-0.15351026469322371,
		0.98783842193586358,
		-0.02469515703694123,
		0.0,
		0.73636599781878298,
		0.13102524553183403,
		0.66377518957073922,
		0.0,
		0.32174951215253178,
		-0.23105004846296529,
		2.7214852570833523,
		1.0
	],
	"intrinsic" : 
	{
		"height" : 1080,
		"intrinsic_matrix" : 
		[
			935.30743608719376,
			0.0,
			0.0,
			0.0,
			935.30743608719376,
			0.0,
			959.5,
			539.5,
			1.0
		],
		"width" : 1920
	},
	"version_major" : 1,
	"version_minor" : 0
}