{
	"class_name" : "PinholeCameraParameters",
	"extrinsic" : 
	[
		0.47022714462393522,
		0.061636099383948519,
		0.88039049501431632,
		0.0,
		0.049635662776568744,
		0.9941323538590382,
		-0.096110165910890374,
		0.0,
		-0.88114853086159739,
		0.088892374607837679,
		0.46440866948952242,
		0.0,
		-0.43149833963947071,
		-0.24980064044953063,
		2.5449362492002754,
		1.0
	],
	"intrinsic" : 
	{
		"height" : 1080,
		"intrinsic_matrix" : 
		[
			935.30743608719376,
			0.0,
			0.0,
			0.0,
			935.30743608719376,
			0.0,
			959.5,
			539.5,
			1.0
		],
		"width" : 1920
	},
	"version_major" : 1,
	"version_minor" : 0
}